concept,row_order,section,bank,table_type_id,canonical_leaf_id,sign,member_ordinal,source_family,filter_by
Net interest income,1,Income statement ($m),DBS,FS_INCOME_SELECTED,commercial_book_total_income::net_interest_income,1,1,performance_summary,
Net interest income,1,Income statement ($m),DBS,FS_INCOME_SELECTED,markets_trading_income::net_interest_income,1,2,performance_summary,
Other non-interest income,3,Income statement ($m),DBS,FS_INCOME_SELECTED,commercial_book_total_income::treasury_customer_sales_and_other_income,1,1,performance_summary,
Other non-interest income,3,Income statement ($m),DBS,FS_INCOME_SELECTED,markets_trading_income::non_interest_income,1,2,performance_summary,
Other non-interest income,3,Income statement ($m),OCBC,FS_INCOME_CONSOLIDATED,non_interest_income,1,1,Condensed_financial_statements,
Other non-interest income,3,Income statement ($m),OCBC,FS_INCOME_CONSOLIDATED,fees_and_commissions_net,-1,2,Condensed_financial_statements,
Shareholders' equity,17,Balance sheet ($m),OCBC,FS_BALANCE_CONSOLIDATED,total_equity,1,1,Condensed_financial_statements,period_end_date
Shareholders' equity,17,Balance sheet ($m),OCBC,FS_BALANCE_CONSOLIDATED,other_equity_instruments_issued_by_subsidiary,-1,2,Condensed_financial_statements,period_end_date
Shareholders' equity,17,Balance sheet ($m),OCBC,FS_BALANCE_CONSOLIDATED,non_controlling_interests,-1,3,Condensed_financial_statements,period_end_date
